파일	크기	매직	헤더크기	f08	f09	f10_11	f12_13
SAYA01_M.GDT	6822	DA1	6822	44	14	32	264
0010_2.GDT	23456	DA1	23456	5	70	4	296
0020.GDT	22214	DA1	22214	5	70	4	296
0030.GDT	22205	DA1	22205	5	70	4	296
0040.GDT	23407	DA1	23407	5	70	4	296
0040B.GDT	760	DA1	760	22	18	160	136
0050.GDT	29786	DA1	29786	5	70	4	296
0060.GDT	28152	DA1	28152	5	70	4	296
0070.GDT	33405	DA1	33405	5	70	4	296
0100.GDT	22575	DA1	22575	5	70	4	296
0100B.ADT	189472	ADT	0	0	0	0	0
0100B.GDT	34139	DA1	34139	3	74	0	400
0100BB.GDT	4044	DA1	4044	7	65	324	24
0110.GDT	3169	DA1	3169	10	18	24	136
0120.GDT	2844	DA1	2844	52	18	24	136
0130.GDT	17462	DA1	17462	5	70	4	296
1010.GDT	19931	DA1	19931	5	70	4	296
1010B.GDT	14515	DA1	14515	25	44	8	288
1010B_M.GDT	2859	DA1	2859	43	10	40	96
1010C.GDT	3183	DA1	3183	12	14	40	104
1020.GDT	14873	DA1	14873	5	70	4	296
1020_2.GDT	32765	DA1	32765	5	70	4	296
1020_3.GDT	15544	DA1	15544	5	70	4	296
1030.GDT	14702	DA1	14702	5	70	4	296
1040.GDT	30659	DA1	30659	5	70	4	296
1040B.GDT	38968	DA1	38968	5	70	4	296
1050.GDT	30698	DA1	30698	5	70	4	296
1050B.GDT	23238	DA1	23238	5	70	4	296
1060.GDT	17810	DA1	17810	5	70	4	296
1070.GDT	19619	DA1	19619	5	70	4	296
ALL.GDT	47722	DA1	47722	5	70	4	296
ALL2.GDT	39852	DA1	39852	6	68	8	288
BAST_M01.GDT	31274	DA1	31274	0	65	24	168
BAST_M02.GDT	23223	DA1	23223	0	52	24	168
BI_BA_B.GDT	106	DA1	106	53	3	77	7
BI_BAST.GDT	18668	DA1	18668	36	38	8	288
BI01.GDT	34295	DA1	34295	5	70	4	296
BI02.GDT	34820	DA1	34820	5	70	4	296
BI02B.GDT	37440	DA1	37440	5	70	4	296
BI03.GDT	26357	DA1	26357	5	70	4	296
BI03_M.GDT	13615	DA1	13615	33	24	0	360
BI04.GDT	39995	DA1	39995	5	70	4	296
BI04_M.GDT	12155	DA1	12155	56	14	48	336
BI05.GDT	36537	DA1	36537	5	70	4	296
BI06.GDT	29412	DA1	29412	5	70	4	296
BI06B.GDT	12318	DA1	12318	6	59	8	288
BI06C.GDT	7843	DA1	7843	6	68	36	260
BI06D.GDT	22252	DA1	22252	6	68	8	288
BI06E.GDT	6126	DA1	6126	14	49	69	227
BI06E_M.GDT	9760	DA1	9760	39	24	72	168
FA_BA_B.GDT	108	DA1	108	53	3	107	17
FA_BAST.GDT	22615	DA1	22615	32	42	8	288
FA01.GDT	46343	DA1	46343	5	70	4	296
FA02.GDT	37361	DA1	37361	5	70	4	296
FA02_M.GDT	10373	DA1	10373	50	14	16	288
FA02B.GDT	113	DA1	113	52	2	85	17
FA03.ADT	54829	ADT	0	0	0	0	0
FA03.GDT	26876	DA1	26876	5	70	4	296
FA03_M.GDT	8328	DA1	8328	28	18	24	192
FA03B.GDT	97	DA1	97	36	3	97	9
FA04.GDT	40988	DA1	40988	5	70	4	296
FA05.GDT	34554	DA1	34554	5	70	4	296
FA06.GDT	32440	DA1	32440	5	70	4	296
FA07.GDT	41880	DA1	41880	5	70	4	296
FA08.ADT	34516	ADT"	0	0	0	0	0
FA08.GDT	33120	DA1	33120	5	70	4	296
FA09.ADT	17875	ADT	0	0	0	0	0
FA09.GDT	39623	DA1	39623	5	70	4	296
FA09B.GDT	12857	DA1	12857	27	34	24	208
FA10.GDT	35044	DA1	35044	5	70	4	296
FA11.GDT	38365	DA1	38365	5	70	4	296
KAI_BAST.GDT	25629	DA1	25629	29	45	8	288
KO01.GDT	43565	DA1	43565	5	70	4	296
MAI_BA_B.GDT	87	DA1	87	48	3	129	5
MAI_BAST.GDT	25932	DA1	25932	28	46	8	288
MAI01.GDT	34605	DA1	34605	5	70	4	296
MAI01_M.GDT	6289	DA1	6289	18	15	48	240
MAI02.GDT	37094	DA1	37094	5	70	4	296
MAI02B.GDT	19421	DA1	19421	13	61	28	268
MAI02C.GDT	30491	DA1	30491	5	70	4	296
MAI03.GDT	33799	DA1	33799	5	70	4	296
MAI04.GDT	34981	DA1	34981	5	70	4	296
MAI04_M.GDT	4171	DA1	4171	32	16	64	120
MAI04B.GDT	980	DA1	980	19	28	70	227
MAI05.GDT	30797	DA1	30797	5	70	4	296
MEG_BA_B.GDT	93	DA1	93	51	3	122	8
MEG_BAST.GDT	21238	DA1	21238	29	45	8	288
MEG01.GDT	31159	DA1	31159	5	70	4	296
MEG01_M.GDT	9207	DA1	9207	27	23	56	216
MEG01B.GDT	1694	DA1	1694	27	23	60	120
MEG01C.GDT	905	DA1	905	27	23	55	125
MEG02.GDT	33830	DA1	33830	5	70	4	296
MEG03.GDT	40002	DA1	40002	5	70	4	296
MEG04.GDT	19121	DA1	19121	5	70	4	296
MEG05.ADT	19051	ADT	0	0	0	0	0
MEG05.GDT	38455	DA1	38455	5	70	4	296
MEG06.GDT	30411	DA1	30411	5	70	4	296
MEG06_M.GDT	8556	DA1	8556	33	18	24	192
MENU1.GDT	7145	DA1	7145	23	35	137	183
MENU2.GDT	7208	DA1	7208	23	35	137	183
MUSIC.GDT	6926	DA1	6926	21	39	41	253
R&M&M.GDT	37860	DA1	37860	5	70	4	296
R&M&MB.GDT	43529	DA1	43529	5	70	4	296
R&M01.GDT	27674	DA1	27674	5	70	4	296
R&M02.GDT	28191	DA1	28191	5	70	4	296
R&M03.GDT	40564	DA1	40564	5	70	4	296
R&M03B.GDT	17136	DA1	17136	19	55	28	268
R&M03C.GDT	4886	DA1	4886	19	44	28	268
R&M04.GDT	39607	DA1	39607	5	70	4	296
R&S.GDT	36949	DA1	36949	5	70	4	296
R&SB.GDT	20567	DA1	20567	6	42	8	288
R&SC.GDT	19950	DA1	19950	33	41	8	288
RA&TO01.GDT	38274	DA1	38274	5	70	4	296
RA&TO02.GDT	41965	DA1	41965	5	70	4	296
RA&TO03.GDT	13066	DA1	13066	5	70	4	296
RA&TO03B.GDT	22960	DA1	22960	6	43	8	288
RA&TO03C.GDT	17423	DA1	17423	37	37	8	288
RA_BA_B.GDT	813	DA1	813	14	15	136	160
RA_BAST.GDT	20200	DA1	20200	6	37	8	288
RA01.GDT	36659	DA1	36659	5	70	4	296
RA01_M.GDT	14945	DA1	14945	15	19	24	336
RA01B.GDT	1097	DA1	1097	19	56	58	239
RA01B_M.GDT	15548	DA1	15548	15	19	24	336
RA01C.GDT	2140	DA1	2140	17	16	29	104
RA02.GDT	37380	DA1	37380	5	70	4	296
RA02_M.GDT	6504	DA1	6504	8	11	32	240
RA02B.GDT	30585	DA1	30585	6	68	8	288
RA02B_M.GDT	8113	DA1	8113	8	9	40	312
RA02C.GDT	25912	DA1	25912	6	68	8	288
RA02C_M.GDT	7400	DA1	7400	11	8	48	312
RA03.ADT	11328	ADT	0	0	0	0	0
RA03.GDT	34187	DA1	34187	5	70	4	296
RA04.GDT	42240	DA1	42240	5	70	4	296
RA04_M.GDT	6420	DA1	6420	9	8	16	288
RA05.GDT	34413	DA1	34413	5	70	4	296
RA05B.GDT	1312	DA1	1312	41	12	51	149
RA06.GDT	41039	DA1	41039	5	70	4	296
RA06B.GDT	6514	DA1	6514	6	32	8	129
RA06B_M.GDT	5185	DA1	5185	12	9	24	216
RA06C.GDT	6574	DA1	6574	6	32	8	129
RA06C_M.GDT	5338	DA1	5338	12	9	24	216
ROGO.GDT	6399	DA1	6399	20	40	2	332
RYO_BA_B.GDT	93	DA1	93	25	4	109	4
RYO_BAST.GDT	18077	DA1	18077	6	45	8	288
RYO01.GDT	42624	DA1	42624	5	70	4	296
RYO01_M.GDT	10603	DA1	10603	41	17	64	312
RYO01B.GDT	36359	DA1	36359	5	70	4	296
RYO01B_M.GDT	12108	DA1	12108	12	22	40	264
RYO02.GDT	34710	DA1	34710	5	70	4	296
RYO02_M.GDT	3916	DA1	3916	11	10	48	144
RYO02B.GDT	24470	DA1	24470	9	65	8	288
RYO02C.GDT	17625	DA1	17625	11	63	8	288
RYO03.GDT	29736	DA1	29736	5	70	4	296
RYO04.GDT	36469	DA1	36469	5	70	4	296
RYO04_M.GDT	7292	DA1	7292	21	10	56	312
RYO04B.GDT	1474	DA1	1474	21	13	57	99
SA_BA_B.GDT	103	DA1	103	25	3	114	15
SA_BAST.GDT	20224	DA1	20224	6	42	8	288
SAYA01.GDT	34169	DA1	34169	5	70	4	296
0010.GDT	23208	DA1	23208	5	70	4	296
SAYA02.GDT	28339	DA1	28339	5	70	4	296
SAYA03.GDT	38881	DA1	38881	5	70	4	296
SAYA03_M.GDT	5285	DA1	5285	50	13	40	216
SAYA04.GDT	31557	DA1	31557	5	70	4	296
SAYA04B.GDT	2047	DA1	2047	23	14	138	158
SAYA05.GDT	30994	DA1	30994	5	70	4	296
SAYA06.GDT	33557	DA1	33557	5	70	4	296
SAYA06B.GDT	775	DA1	775	52	10	32	51
SAYA06BM.GDT	3344	DA1	3344	52	10	32	120
ST00.GDT	1333	DA1	1333	32	17	141	38
ST01.GDT	3975	DA1	3975	21	40	119	108
ST02.GDT	3260	DA1	3260	24	32	121	115
ST03.GDT	2879	DA1	2879	27	27	120	116
ST04.GDT	2936	DA1	2936	27	27	121	113
ST05.GDT	5953	DA1	5953	19	44	100	146
ST06.GDT	7657	DA1	7657	25	31	87	208
ST07.GDT	2950	DA1	2950	28	26	119	109
ST08.GDT	2106	DA1	2106	30	21	119	111
ST09.GDT	2463	DA1	2463	31	18	133	81
TO_BA_B.GDT	359	DA1	359	24	25	24	136
TO_BAST.GDT	23720	DA1	23720	6	42	8	288
TO01.GDT	37000	DA1	37000	5	70	4	296
TO01_M.GDT	4597	DA1	4597	61	8	8	216
TO02.GDT	44649	DA1	44649	5	70	4	296
TO02_M.GDT	10102	DA1	10102	15	14	8	264
TO03.GDT	38888	DA1	38888	5	70	4	296
TO03_M.GDT	10150	DA1	10150	41	17	8	264
TO03B.GDT	3400	DA1	3400	41	17	8	88
TO03C.GDT	1706	DA1	1706	12	19	145	151
TO04.GDT	43709	DA1	43709	5	70	4	296
TO05.GDT	37414	DA1	37414	5	70	4	296
TO05_M.GDT	7121	DA1	7121	58	9	16	264
TO05B.GDT	359	DA1	359	15	16	150	12
TO05C.GDT	599	DA1	599	20	13	114	77
TO05D.GDT	693	DA1	693	48	11	210	71
TO05E.GDT	851	DA1	851	20	14	135	161
TO06.GDT	44360	DA1	44360	5	70	4	296
TO06B.GDT	7624	DA1	7624	26	48	8	288
TO07.GDT	36286	DA1	36286	5	70	4	296
TO08.GDT	33499	DA1	33499	5	70	4	296
TO09.GDT	36002	DA1	36002	5	70	4	296
TO09_M.GDT	7820	DA1	7820	42	16	24	192
TO09B.GDT	18227	DA1	18227	6	67	11	285
TO09B_M.GDT	7753	DA1	7753	42	16	24	192
TO09C.GDT	7105	DA1	7105	6	66	11	285
TO09C_M.GDT	6364	DA1	6364	42	16	24	168
WAKU.GDT	2244	DA1	2244	2	76	0	397
WAKU2.GDT	2717	DA1	2717	5	70	4	296
XEN.GDT	1		0	0	0	0	0
XENON2.GDT	8632	DA1	8632	16	46	268	96
